object_name,original_resolution_width,original_resolution_height,effective_resolution_width,effective_resolution_height,mAP,degradation_factor,GSD,pixels_on_target,knee
Fixed-wing Aircraft,640,640,32,32,0.0,0.05,5.999999999999999,9,False
Small Aircraft,640,640,32,32,0.0,0.05,5.999999999999999,4,False
Cargo Plane,640,640,32,32,0.0,0.05,5.999999999999999,37,False
Helicopter,640,640,32,32,0.0,0.05,5.999999999999999,5,False
Passenger Vehicle,640,640,32,32,0.0,0.05,5.999999999999999,1,False
Small Car,640,640,32,32,0.0,0.05,5.999999999999999,1,False
Bus,640,640,32,32,0.0,0.05,5.999999999999999,2,False
Pickup Truck,640,640,32,32,0.0,0.05,5.999999999999999,1,False
Utility Truck,640,640,32,32,0.0,0.05,5.999999999999999,1,False
Truck,640,640,32,32,0.0,0.05,5.999999999999999,2,False
Cargo Truck,640,640,32,32,0.0,0.05,5.999999999999999,2,False
Truck w/Box,640,640,32,32,0.0,0.05,5.999999999999999,4,False
Truck Tractor,640,640,32,32,0.0,0.05,5.999999999999999,2,False
Trailer,640,640,32,32,0.0,0.05,5.999999999999999,3,False
Truck w/Flatbed,640,640,32,32,0.0,0.05,5.999999999999999,3,False
Truck w/Liquid,640,640,32,32,0.0,0.05,5.999999999999999,3,False
Crane Truck,640,640,32,32,0.0,0.05,5.999999999999999,3,False
Railway Vehicle,640,640,32,32,0.0,0.05,5.999999999999999,5,False
Passenger Car,640,640,32,32,0.0,0.05,5.999999999999999,5,False
Cargo Car,640,640,32,32,0.0,0.05,5.999999999999999,3,False
Flat Car,640,640,32,32,0.0,0.05,5.999999999999999,4,False
Tank car,640,640,32,32,0.0,0.05,5.999999999999999,3,False
Locomotive,640,640,32,32,0.0,0.05,5.999999999999999,5,False
Maritime Vessel,640,640,32,32,0.0,0.05,5.999999999999999,32,False
Motorboat,640,640,32,32,0.0,0.05,5.999999999999999,2,False
Sailboat,640,640,32,32,0.0,0.05,5.999999999999999,3,False
Tugboat,640,640,32,32,0.0,0.05,5.999999999999999,12,False
Barge,640,640,32,32,0.0,0.05,5.999999999999999,37,False
Fishing Vessel,640,640,32,32,0.0,0.05,5.999999999999999,7,False
Ferry,640,640,32,32,0.0,0.05,5.999999999999999,26,False
Yacht,640,640,32,32,0.0,0.05,5.999999999999999,9,False
Container Ship,640,640,32,32,0.0,0.05,5.999999999999999,118,False
Oil Tanker,640,640,32,32,0.0,0.05,5.999999999999999,106,False
Engineering Vehicle,640,640,32,32,0.0,0.05,5.999999999999999,5,False
Tower crane,640,640,32,32,0.0,0.05,5.999999999999999,38,False
Container Crane,640,640,32,32,0.0,0.05,5.999999999999999,55,False
Reach Stacker,640,640,32,32,0.0,0.05,5.999999999999999,3,False
Straddle Carrier,640,640,32,32,0.0,0.05,5.999999999999999,35,False
Mobile Crane,640,640,32,32,0.0,0.05,5.999999999999999,16,False
Dump Truck,640,640,32,32,0.0,0.05,5.999999999999999,2,False
Haul Truck,640,640,32,32,0.0,0.05,5.999999999999999,6,False
Scraper/Tractor,640,640,32,32,0.0,0.05,5.999999999999999,2,False
Front loader/Bulldozer,640,640,32,32,0.0,0.05,5.999999999999999,2,False
Excavator,640,640,32,32,0.0,0.05,5.999999999999999,2,False
Cement Mixer,640,640,32,32,0.0,0.05,5.999999999999999,2,False
Ground Grader,640,640,32,32,0.0,0.05,5.999999999999999,2,False
Hut/Tent,640,640,32,32,0.0,0.05,5.999999999999999,3,False
Shipping Container,640,640,32,32,0.0,0.05,5.999999999999999,2,False
Fixed-wing Aircraft,640,640,64,64,0.0,0.1,2.9999999999999996,36,False
Small Aircraft,640,640,64,64,0.0,0.1,2.9999999999999996,16,False
Cargo Plane,640,640,64,64,0.31578333333333336,0.1,2.9999999999999996,147,False
Helicopter,640,640,64,64,0.0,0.1,2.9999999999999996,20,False
Passenger Vehicle,640,640,64,64,0.0,0.1,2.9999999999999996,2,False
Small Car,640,640,64,64,0.0012858290933517216,0.1,2.9999999999999996,2,False
Bus,640,640,64,64,0.006256008518033929,0.1,2.9999999999999996,6,False
Pickup Truck,640,640,64,64,0.0,0.1,2.9999999999999996,3,False
Utility Truck,640,640,64,64,0.0013699533948642966,0.1,2.9999999999999996,3,False
Truck,640,640,64,64,0.004485101560050839,0.1,2.9999999999999996,6,False
Cargo Truck,640,640,64,64,0.0014047555482537206,0.1,2.9999999999999996,6,False
Truck w/Box,640,640,64,64,0.013417021366083087,0.1,2.9999999999999996,13,False
Truck Tractor,640,640,64,64,0.0,0.1,2.9999999999999996,6,False
Trailer,640,640,64,64,0.0018033389187503718,0.1,2.9999999999999996,9,False
Truck w/Flatbed,640,640,64,64,0.0,0.1,2.9999999999999996,11,False
Truck w/Liquid,640,640,64,64,0.0,0.1,2.9999999999999996,10,False
Crane Truck,640,640,64,64,0.0,0.1,2.9999999999999996,11,False
Railway Vehicle,640,640,64,64,0.008238462188570899,0.1,2.9999999999999996,18,False
Passenger Car,640,640,64,64,0.02539430342140774,0.1,2.9999999999999996,18,False
Cargo Car,640,640,64,64,0.001348049731327565,0.1,2.9999999999999996,11,False
Flat Car,640,640,64,64,0.0,0.1,2.9999999999999996,15,False
Tank car,640,640,64,64,0.008238462188570899,0.1,2.9999999999999996,10,False
Locomotive,640,640,64,64,0.0,0.1,2.9999999999999996,19,False
Maritime Vessel,640,640,64,64,0.0,0.1,2.9999999999999996,125,False
Motorboat,640,640,64,64,0.0,0.1,2.9999999999999996,6,False
Sailboat,640,640,64,64,0.0,0.1,2.9999999999999996,9,False
Tugboat,640,640,64,64,0.0,0.1,2.9999999999999996,46,False
Barge,640,640,64,64,0.0,0.1,2.9999999999999996,145,False
Fishing Vessel,640,640,64,64,0.0,0.1,2.9999999999999996,27,False
Ferry,640,640,64,64,0.0,0.1,2.9999999999999996,104,False
Yacht,640,640,64,64,0.0,0.1,2.9999999999999996,33,False
Container Ship,640,640,64,64,0.0,0.1,2.9999999999999996,470,False
Oil Tanker,640,640,64,64,0.0,0.1,2.9999999999999996,424,False
Engineering Vehicle,640,640,64,64,0.0,0.1,2.9999999999999996,18,False
Tower crane,640,640,64,64,0.0,0.1,2.9999999999999996,151,False
Container Crane,640,640,64,64,0.0,0.1,2.9999999999999996,220,False
Reach Stacker,640,640,64,64,0.0,0.1,2.9999999999999996,12,False
Straddle Carrier,640,640,64,64,0.0,0.1,2.9999999999999996,138,False
Mobile Crane,640,640,64,64,0.0,0.1,2.9999999999999996,62,False
Dump Truck,640,640,64,64,0.0,0.1,2.9999999999999996,6,False
Haul Truck,640,640,64,64,0.0,0.1,2.9999999999999996,22,False
Scraper/Tractor,640,640,64,64,0.0,0.1,2.9999999999999996,7,False
Front loader/Bulldozer,640,640,64,64,0.0,0.1,2.9999999999999996,6,False
Excavator,640,640,64,64,0.0,0.1,2.9999999999999996,8,False
Cement Mixer,640,640,64,64,0.0,0.1,2.9999999999999996,6,False
Ground Grader,640,640,64,64,0.0,0.1,2.9999999999999996,7,False
Hut/Tent,640,640,64,64,0.0,0.1,2.9999999999999996,12,False
Shipping Container,640,640,64,64,0.0064215657888047175,0.1,2.9999999999999996,8,False
Fixed-wing Aircraft,640,640,96,96,0.01737233031674208,0.15,2.0,80,False
Small Aircraft,640,640,96,96,0.005669191919191919,0.15,2.0,36,False
Cargo Plane,640,640,96,96,0.4251181738791769,0.15,2.0,329,False
Helicopter,640,640,96,96,0.0,0.15,2.0,44,False
Passenger Vehicle,640,640,96,96,0.0,0.15,2.0,5,False
Small Car,640,640,96,96,0.0035857826161588635,0.15,2.0,5,False
Bus,640,640,96,96,0.01597603895377444,0.15,2.0,12,False
Pickup Truck,640,640,96,96,0.0,0.15,2.0,6,False
Utility Truck,640,640,96,96,0.0014702123147848501,0.15,2.0,7,False
Truck,640,640,96,96,0.006619178705246446,0.15,2.0,12,False
Cargo Truck,640,640,96,96,0.004049898705868049,0.15,2.0,12,False
Truck w/Box,640,640,96,96,0.04742096934058208,0.15,2.0,29,False
Truck Tractor,640,640,96,96,0.0,0.15,2.0,13,False
Trailer,640,640,96,96,0.0034474670131772827,0.15,2.0,19,False
Truck w/Flatbed,640,640,96,96,0.002086495601562403,0.15,2.0,23,False
Truck w/Liquid,640,640,96,96,0.0,0.15,2.0,23,False
Crane Truck,640,640,96,96,0.0,0.15,2.0,25,False
Railway Vehicle,640,640,96,96,0.02454076305554032,0.15,2.0,40,False
Passenger Car,640,640,96,96,0.12152077703874904,0.15,2.0,39,False
Cargo Car,640,640,96,96,0.02819150515246263,0.15,2.0,25,False
Flat Car,640,640,96,96,0.0,0.15,2.0,32,False
Tank car,640,640,96,96,0.02454076305554032,0.15,2.0,22,False
Locomotive,640,640,96,96,0.009365679653679656,0.15,2.0,41,False
Maritime Vessel,640,640,96,96,0.032501802008145,0.15,2.0,280,False
Motorboat,640,640,96,96,0.00610115855533387,0.15,2.0,12,False
Sailboat,640,640,96,96,0.0,0.15,2.0,19,False
Tugboat,640,640,96,96,0.051170760281385286,0.15,2.0,103,False
Barge,640,640,96,96,0.0,0.15,2.0,327,False
Fishing Vessel,640,640,96,96,0.025736015775806597,0.15,2.0,61,False
Ferry,640,640,96,96,0.018285538461538457,0.15,2.0,233,False
Yacht,640,640,96,96,0.0,0.15,2.0,73,False
Container Ship,640,640,96,96,0.0952361111111111,0.15,2.0,1057,False
Oil Tanker,640,640,96,96,0.199,0.15,2.0,952,False
Engineering Vehicle,640,640,96,96,0.0,0.15,2.0,40,False
Tower crane,640,640,96,96,0.0,0.15,2.0,339,False
Container Crane,640,640,96,96,0.0,0.15,2.0,495,False
Reach Stacker,640,640,96,96,0.0,0.15,2.0,25,False
Straddle Carrier,640,640,96,96,0.0,0.15,2.0,310,False
Mobile Crane,640,640,96,96,0.0,0.15,2.0,140,False
Dump Truck,640,640,96,96,0.0011704790465009438,0.15,2.0,14,False
Haul Truck,640,640,96,96,0.0,0.15,2.0,48,False
Scraper/Tractor,640,640,96,96,0.0,0.15,2.0,15,False
Front loader/Bulldozer,640,640,96,96,0.0,0.15,2.0,13,False
Excavator,640,640,96,96,0.0,0.15,2.0,18,False
Cement Mixer,640,640,96,96,0.001593087431693989,0.15,2.0,13,False
Ground Grader,640,640,96,96,0.0,0.15,2.0,14,False
Hut/Tent,640,640,96,96,0.0001195479198189769,0.15,2.0,26,False
Shipping Container,640,640,96,96,0.0060668987523637445,0.15,2.0,17,False
Fixed-wing Aircraft,640,640,128,128,0.048141839105339104,0.2,1.4999999999999998,141,False
Small Aircraft,640,640,128,128,0.0747209120170652,0.2,1.4999999999999998,64,False
Helicopter,640,640,128,128,0.0,0.2,1.4999999999999998,78,False
Passenger Vehicle,640,640,128,128,0.000853421217338286,0.2,1.4999999999999998,8,False
Small Car,640,640,128,128,0.012246858618600765,0.2,1.4999999999999998,8,False
Bus,640,640,128,128,0.03929210770470783,0.2,1.4999999999999998,21,False
Pickup Truck,640,640,128,128,0.0,0.2,1.4999999999999998,10,False
Utility Truck,640,640,128,128,0.0023909460871125152,0.2,1.4999999999999998,12,False
Truck,640,640,128,128,0.017696702761582164,0.2,1.4999999999999998,21,False
Cargo Truck,640,640,128,128,0.006838272969730777,0.2,1.4999999999999998,21,False
Truck w/Box,640,640,128,128,0.10411823699185134,0.2,1.4999999999999998,51,False
Truck Tractor,640,640,128,128,0.0,0.2,1.4999999999999998,22,False
Trailer,640,640,128,128,0.005271613425501009,0.2,1.4999999999999998,34,False
Truck w/Flatbed,640,640,128,128,0.0029201663152132597,0.2,1.4999999999999998,41,False
Truck w/Liquid,640,640,128,128,0.0,0.2,1.4999999999999998,40,False
Crane Truck,640,640,128,128,0.0,0.2,1.4999999999999998,43,False
Railway Vehicle,640,640,128,128,0.041839328920242405,0.2,1.4999999999999998,71,False
Passenger Car,640,640,128,128,0.21738957576389448,0.2,1.4999999999999998,69,False
Cargo Car,640,640,128,128,0.12225656876601612,0.2,1.4999999999999998,44,False
Flat Car,640,640,128,128,0.0,0.2,1.4999999999999998,57,False
Tank car,640,640,128,128,0.041839328920242405,0.2,1.4999999999999998,38,False
Locomotive,640,640,128,128,0.011667116883116883,0.2,1.4999999999999998,73,False
Maritime Vessel,640,640,128,128,0.06283242835030048,0.2,1.4999999999999998,497,False
Motorboat,640,640,128,128,0.009335240682746621,0.2,1.4999999999999998,22,False
Sailboat,640,640,128,128,0.004879827850961381,0.2,1.4999999999999998,33,False
Tugboat,640,640,128,128,0.08914733625351581,0.2,1.4999999999999998,183,False
Barge,640,640,128,128,0.009587623456790123,0.2,1.4999999999999998,580,False
Fishing Vessel,640,640,128,128,0.011395316715506467,0.2,1.4999999999999998,107,False
Ferry,640,640,128,128,0.06224112606114938,0.2,1.4999999999999998,413,False
Yacht,640,640,128,128,0.05036003712581285,0.2,1.4999999999999998,129,False
Container Ship,640,640,128,128,0.047856481481481486,0.2,1.4999999999999998,1879,False
Oil Tanker,640,640,128,128,0.2985,0.2,1.4999999999999998,1693,False
Engineering Vehicle,640,640,128,128,0.0017212727272727275,0.2,1.4999999999999998,71,False
Tower crane,640,640,128,128,0.0,0.2,1.4999999999999998,603,False
Container Crane,640,640,128,128,0.0007281541082923134,0.2,1.4999999999999998,880,False
Reach Stacker,640,640,128,128,0.0,0.2,1.4999999999999998,45,False
Straddle Carrier,640,640,128,128,0.029849999999999998,0.2,1.4999999999999998,551,False
Mobile Crane,640,640,128,128,0.019467668997669,0.2,1.4999999999999998,248,False
Dump Truck,640,640,128,128,0.0031356821005566514,0.2,1.4999999999999998,24,False
Haul Truck,640,640,128,128,0.0,0.2,1.4999999999999998,85,False
Scraper/Tractor,640,640,128,128,0.0,0.2,1.4999999999999998,27,False
Front loader/Bulldozer,640,640,128,128,0.0,0.2,1.4999999999999998,22,False
Excavator,640,640,128,128,0.02476361945016559,0.2,1.4999999999999998,31,False
Cement Mixer,640,640,128,128,0.0021162898936170215,0.2,1.4999999999999998,22,False
Ground Grader,640,640,128,128,0.0,0.2,1.4999999999999998,25,False
Hut/Tent,640,640,128,128,0.0015737133115530857,0.2,1.4999999999999998,47,False
Shipping Container,640,640,128,128,0.00845015318626172,0.2,1.4999999999999998,29,False
Fixed-wing Aircraft,640,640,160,160,0.1784444262295082,0.25,1.2,221,False
Small Aircraft,640,640,160,160,0.16466172371812984,0.25,1.2,100,False
Cargo Plane,640,640,160,160,0.5796717880874455,0.25,1.2,914,False
Helicopter,640,640,160,160,0.0,0.25,1.2,121,False
Passenger Vehicle,640,640,160,160,0.0022424227821649058,0.25,1.2,13,False
Small Car,640,640,160,160,0.03730064793355025,0.25,1.2,13,False
Bus,640,640,160,160,0.07039779489283991,0.25,1.2,32,False
Pickup Truck,640,640,160,160,0.0,0.25,1.2,15,False
Utility Truck,640,640,160,160,0.004534952837326643,0.25,1.2,19,False
Truck,640,640,160,160,0.045425899207390256,0.25,1.2,33,False
Cargo Truck,640,640,160,160,0.009917582276377315,0.25,1.2,33,False
Truck w/Box,640,640,160,160,0.15018862077824274,0.25,1.2,80,False
Truck Tractor,640,640,160,160,0.00029735761512585536,0.25,1.2,34,False
Trailer,640,640,160,160,0.012123359538217884,0.25,1.2,53,False
Truck w/Flatbed,640,640,160,160,0.006536978592428899,0.25,1.2,64,False
Truck w/Liquid,640,640,160,160,0.004861477504238709,0.25,1.2,62,False
Crane Truck,640,640,160,160,0.0026980985915492964,0.25,1.2,67,False
Railway Vehicle,640,640,160,160,0.06062489264958025,0.25,1.2,111,False
Passenger Car,640,640,160,160,0.26768739983705325,0.25,1.2,107,False
Cargo Car,640,640,160,160,0.24435279718152017,0.25,1.2,68,False
Flat Car,640,640,160,160,0.008686526963594541,0.25,1.2,88,False
Tank car,640,640,160,160,0.06062489264958025,0.25,1.2,59,False
Locomotive,640,640,160,160,0.034578340606614924,0.25,1.2,114,False
Maritime Vessel,640,640,160,160,0.10909378802704768,0.25,1.2,776,False
Motorboat,640,640,160,160,0.01769051297712738,0.25,1.2,33,False
Sailboat,640,640,160,160,0.01120468719414443,0.25,1.2,52,False
Tugboat,640,640,160,160,0.11697718861383324,0.25,1.2,285,False
Barge,640,640,160,160,0.012368415774099317,0.25,1.2,907,False
Fishing Vessel,640,640,160,160,0.008049288778566664,0.25,1.2,167,False
Ferry,640,640,160,160,0.09765039856257819,0.25,1.2,645,False
Yacht,640,640,160,160,0.05892696430615333,0.25,1.2,201,False
Container Ship,640,640,160,160,0.045133680555555555,0.25,1.2,2936,False
Engineering Vehicle,640,640,160,160,0.007724793525918526,0.25,1.2,111,False
Tower crane,640,640,160,160,0.0,0.25,1.2,942,False
Container Crane,640,640,160,160,0.0,0.25,1.2,1375,False
Reach Stacker,640,640,160,160,0.0,0.25,1.2,69,False
Straddle Carrier,640,640,160,160,0.2985,0.25,1.2,861,False
Mobile Crane,640,640,160,160,0.015964553614658355,0.25,1.2,387,False
Dump Truck,640,640,160,160,0.008654514584921297,0.25,1.2,37,False
Haul Truck,640,640,160,160,0.0,0.25,1.2,132,False
Scraper/Tractor,640,640,160,160,0.0,0.25,1.2,42,False
Front loader/Bulldozer,640,640,160,160,0.010390780986682896,0.25,1.2,35,False
Excavator,640,640,160,160,0.05493117426773993,0.25,1.2,48,False
Cement Mixer,640,640,160,160,0.005192440551098856,0.25,1.2,35,False
Ground Grader,640,640,160,160,0.0,0.25,1.2,39,False
Hut/Tent,640,640,160,160,0.0004565079397532616,0.25,1.2,73,False
Shipping Container,640,640,160,160,0.018893843114160428,0.25,1.2,45,False
Fixed-wing Aircraft,640,640,192,192,0.26904622830270325,0.3,1.0,318,False
Small Aircraft,640,640,192,192,0.2277717167191234,0.3,1.0,143,False
Cargo Plane,640,640,192,192,0.5903111888658372,0.3,1.0,1315,False
Helicopter,640,640,192,192,0.0,0.3,1.0,175,False
Passenger Vehicle,640,640,192,192,0.015912716331235595,0.3,1.0,18,False
Small Car,640,640,192,192,0.06549259368508782,0.3,1.0,18,False
Bus,640,640,192,192,0.09583313440188246,0.3,1.0,47,False
Pickup Truck,640,640,192,192,0.0009619362258928874,0.3,1.0,22,False
Utility Truck,640,640,192,192,0.006826454135532169,0.3,1.0,27,False
Truck,640,640,192,192,0.06608574513886109,0.3,1.0,48,False
Cargo Truck,640,640,192,192,0.015308104584156287,0.3,1.0,47,False
Truck w/Box,640,640,192,192,0.1971168086204087,0.3,1.0,115,False
Truck Tractor,640,640,192,192,0.000635218534402306,0.3,1.0,49,False
Trailer,640,640,192,192,0.025229888275364987,0.3,1.0,76,False
Truck w/Flatbed,640,640,192,192,0.014516121695103676,0.3,1.0,91,False
Truck w/Liquid,640,640,192,192,0.00516731911952635,0.3,1.0,89,False
Crane Truck,640,640,192,192,0.008667903364969802,0.3,1.0,97,False
Railway Vehicle,640,640,192,192,0.08333339869819674,0.3,1.0,160,False
Passenger Car,640,640,192,192,0.3310926155394408,0.3,1.0,154,False
Cargo Car,640,640,192,192,0.30396668022077883,0.3,1.0,98,False
Flat Car,640,640,192,192,0.00733525361655888,0.3,1.0,127,False
Tank car,640,640,192,192,0.08333339869819674,0.3,1.0,85,False
Locomotive,640,640,192,192,0.0678048184256764,0.3,1.0,164,False
Motorboat,640,640,192,192,0.024296415207094628,0.3,1.0,48,False
Sailboat,640,640,192,192,0.03054598686100348,0.3,1.0,74,False
Tugboat,640,640,192,192,0.15043427327114545,0.3,1.0,411,False
Fishing Vessel,640,640,192,192,0.017198014641498775,0.3,1.0,241,False
Ferry,640,640,192,192,0.12073518683295319,0.3,1.0,929,False
Yacht,640,640,192,192,0.1461960018143494,0.3,1.0,289,False
Container Ship,640,640,192,192,0.05402497929606624,0.3,1.0,4228,False
Oil Tanker,640,640,192,192,0.0995,0.3,1.0,3808,False
Engineering Vehicle,640,640,192,192,0.008584933840155946,0.3,1.0,160,False
Tower crane,640,640,192,192,0.0,0.3,1.0,1356,False
Container Crane,640,640,192,192,0.0,0.3,1.0,1980,False
Reach Stacker,640,640,192,192,0.0,0.3,1.0,100,False
Mobile Crane,640,640,192,192,0.02019261910669975,0.3,1.0,557,False
Dump Truck,640,640,192,192,0.02240693965558488,0.3,1.0,53,False
Haul Truck,640,640,192,192,0.0,0.3,1.0,190,False
Scraper/Tractor,640,640,192,192,0.0,0.3,1.0,60,False
Front loader/Bulldozer,640,640,192,192,0.025024778039325492,0.3,1.0,50,False
Excavator,640,640,192,192,0.1124308661466181,0.3,1.0,69,False
Cement Mixer,640,640,192,192,0.0026577390142012046,0.3,1.0,50,False
Ground Grader,640,640,192,192,0.006079556753519018,0.3,1.0,56,False
Hut/Tent,640,640,192,192,0.0007786804464603009,0.3,1.0,104,False
Shipping Container,640,640,192,192,0.02222332234889663,0.3,1.0,65,False
Fixed-wing Aircraft,640,640,224,224,0.1938375177530472,0.35,0.8571428571428572,432,False
Small Aircraft,640,640,224,224,0.2056519336563171,0.35,0.8571428571428572,195,False
Cargo Plane,640,640,224,224,0.588351799476641,0.35,0.8571428571428572,1790,False
Helicopter,640,640,224,224,0.017497435897435902,0.35,0.8571428571428572,238,False
Passenger Vehicle,640,640,224,224,0.022802344180388505,0.35,0.8571428571428572,24,False
Small Car,640,640,224,224,0.0993815431440269,0.35,0.8571428571428572,24,False
Bus,640,640,224,224,0.13255738063366748,0.35,0.8571428571428572,63,False
Pickup Truck,640,640,224,224,0.0008899398930139254,0.35,0.8571428571428572,29,False
Utility Truck,640,640,224,224,0.008300801061499526,0.35,0.8571428571428572,37,False
Truck,640,640,224,224,0.08195093111980359,0.35,0.8571428571428572,65,False
Cargo Truck,640,640,224,224,0.019319013146717284,0.35,0.8571428571428572,64,False
Truck w/Box,640,640,224,224,0.22411661953648582,0.35,0.8571428571428572,156,False
Truck Tractor,640,640,224,224,0.0005187511546364792,0.35,0.8571428571428572,66,False
Trailer,640,640,224,224,0.03946070783626,0.35,0.8571428571428572,104,False
Truck w/Flatbed,640,640,224,224,0.01796479069966918,0.35,0.8571428571428572,124,False
Truck w/Liquid,640,640,224,224,0.005148428379335523,0.35,0.8571428571428572,121,False
Crane Truck,640,640,224,224,0.00543702754815372,0.35,0.8571428571428572,132,False
Railway Vehicle,640,640,224,224,0.0957158564097671,0.35,0.8571428571428572,218,False
Flat Car,640,640,224,224,0.010356323990006475,0.35,0.8571428571428572,172,False
Tank car,640,640,224,224,0.0957158564097671,0.35,0.8571428571428572,116,False
Locomotive,640,640,224,224,0.10236217946184933,0.35,0.8571428571428572,223,False
Maritime Vessel,640,640,224,224,0.11696370018771021,0.35,0.8571428571428572,1520,False
Motorboat,640,640,224,224,0.04452239154720877,0.35,0.8571428571428572,65,False
Sailboat,640,640,224,224,0.06365225257255339,0.35,0.8571428571428572,101,False
Tugboat,640,640,224,224,0.15723896438769863,0.35,0.8571428571428572,559,False
Barge,640,640,224,224,0.15650200588107419,0.35,0.8571428571428572,1777,False
Fishing Vessel,640,640,224,224,0.018173968679643642,0.35,0.8571428571428572,328,False
Ferry,640,640,224,224,0.1492644475429177,0.35,0.8571428571428572,1264,False
Yacht,640,640,224,224,0.17243909951051878,0.35,0.8571428571428572,393,False
Container Ship,640,640,224,224,0.05055958200595702,0.35,0.8571428571428572,5755,False
Oil Tanker,640,640,224,224,0.11939999999999999,0.35,0.8571428571428572,5183,False
Engineering Vehicle,640,640,224,224,0.015872638457397337,0.35,0.8571428571428572,218,False
Tower crane,640,640,224,224,0.0,0.35,0.8571428571428572,1845,False
Container Crane,640,640,224,224,0.02820357928913192,0.35,0.8571428571428572,2695,False
Reach Stacker,640,640,224,224,0.005801020408163264,0.35,0.8571428571428572,135,False
Straddle Carrier,640,640,224,224,0.49749999999999994,0.35,0.8571428571428572,1686,False
Mobile Crane,640,640,224,224,0.026538637715723574,0.35,0.8571428571428572,758,False
Dump Truck,640,640,224,224,0.043160699779603254,0.35,0.8571428571428572,72,False
Haul Truck,640,640,224,224,0.0,0.35,0.8571428571428572,258,False
Scraper/Tractor,640,640,224,224,0.0,0.35,0.8571428571428572,81,False
Front loader/Bulldozer,640,640,224,224,0.034780166322148545,0.35,0.8571428571428572,67,False
Excavator,640,640,224,224,0.1579164828299633,0.35,0.8571428571428572,93,False
Cement Mixer,640,640,224,224,0.0059375899790226425,0.35,0.8571428571428572,67,False
Ground Grader,640,640,224,224,0.0,0.35,0.8571428571428572,76,False
Hut/Tent,640,640,224,224,0.00103673599020841,0.35,0.8571428571428572,142,False
Shipping Container,640,640,224,224,0.046169351924539984,0.35,0.8571428571428572,88,False
Fixed-wing Aircraft,640,640,256,256,0.28326361242236026,0.4,0.7499999999999999,564,False
Small Aircraft,640,640,256,256,0.20073103920561547,0.4,0.7499999999999999,254,False
Cargo Plane,640,640,256,256,0.572733347735028,0.4,0.7499999999999999,2338,False
Helicopter,640,640,256,256,0.10212244897959186,0.4,0.7499999999999999,310,False
Passenger Vehicle,640,640,256,256,0.03820462997101181,0.4,0.7499999999999999,31,False
Small Car,640,640,256,256,0.13226018338285264,0.4,0.7499999999999999,32,False
Bus,640,640,256,256,0.16005008287220593,0.4,0.7499999999999999,82,False
Pickup Truck,640,640,256,256,0.001281070397834595,0.4,0.7499999999999999,38,False
Utility Truck,640,640,256,256,0.00987412794276892,0.4,0.7499999999999999,48,False
Truck,640,640,256,256,0.09386271619258743,0.4,0.7499999999999999,84,False
Cargo Truck,640,640,256,256,0.024765642358811985,0.4,0.7499999999999999,84,False
Truck w/Box,640,640,256,256,0.25476458819655207,0.4,0.7499999999999999,204,False
Truck Tractor,640,640,256,256,0.0011046251420599254,0.4,0.7499999999999999,86,False
Trailer,640,640,256,256,0.03714833460730723,0.4,0.7499999999999999,135,False
Truck w/Flatbed,640,640,256,256,0.026274434561225374,0.4,0.7499999999999999,162,False
Truck w/Liquid,640,640,256,256,0.009090492200655302,0.4,0.7499999999999999,158,False
Crane Truck,640,640,256,256,0.00752223290117057,0.4,0.7499999999999999,172,False
Railway Vehicle,640,640,256,256,0.11352564659834281,0.4,0.7499999999999999,284,False
Passenger Car,640,640,256,256,0.37888404376932777,0.4,0.7499999999999999,273,False
Cargo Car,640,640,256,256,0.37803417186290594,0.4,0.7499999999999999,174,False
Flat Car,640,640,256,256,0.016920844913791665,0.4,0.7499999999999999,225,False
Tank car,640,640,256,256,0.11352564659834281,0.4,0.7499999999999999,151,False
Locomotive,640,640,256,256,0.06631614731120558,0.4,0.7499999999999999,291,False
Maritime Vessel,640,640,256,256,0.1292421809809228,0.4,0.7499999999999999,1985,False
Motorboat,640,640,256,256,0.054352353247915944,0.4,0.7499999999999999,85,False
Sailboat,640,640,256,256,0.13202466117156944,0.4,0.7499999999999999,132,False
Tugboat,640,640,256,256,0.20486526797947965,0.4,0.7499999999999999,730,False
Barge,640,640,256,256,0.16882332550221316,0.4,0.7499999999999999,2320,False
Fishing Vessel,640,640,256,256,0.0217756022681772,0.4,0.7499999999999999,428,False
Ferry,640,640,256,256,0.23867087433570694,0.4,0.7499999999999999,1651,False
Yacht,640,640,256,256,0.20894069125732395,0.4,0.7499999999999999,513,False
Container Ship,640,640,256,256,0.0521781560283688,0.4,0.7499999999999999,7516,False
Oil Tanker,640,640,256,256,0.14925,0.4,0.7499999999999999,6769,False
Engineering Vehicle,640,640,256,256,0.014305188438457423,0.4,0.7499999999999999,284,False
Tower crane,640,640,256,256,0.0,0.4,0.7499999999999999,2410,False
Container Crane,640,640,256,256,0.028027452145214522,0.4,0.7499999999999999,3519,False
Reach Stacker,640,640,256,256,0.007502654867256637,0.4,0.7499999999999999,177,False
Straddle Carrier,640,640,256,256,0.597,0.4,0.7499999999999999,2202,False
Mobile Crane,640,640,256,256,0.005719164301705952,0.4,0.7499999999999999,990,False
Dump Truck,640,640,256,256,0.07523076348189564,0.4,0.7499999999999999,94,False
Haul Truck,640,640,256,256,0.0,0.4,0.7499999999999999,337,False
Scraper/Tractor,640,640,256,256,0.0,0.4,0.7499999999999999,106,False
Front loader/Bulldozer,640,640,256,256,0.07185929913459793,0.4,0.7499999999999999,88,False
Excavator,640,640,256,256,0.20435890197171483,0.4,0.7499999999999999,122,False
Cement Mixer,640,640,256,256,0.008715513850199186,0.4,0.7499999999999999,88,False
Ground Grader,640,640,256,256,0.0021711763812224645,0.4,0.7499999999999999,99,False
Hut/Tent,640,640,256,256,0.0024899470549692234,0.4,0.7499999999999999,185,False
Shipping Container,640,640,256,256,0.0494677521979881,0.4,0.7499999999999999,115,False
Fixed-wing Aircraft,640,640,288,288,0.3029756394982772,0.45,0.6666666666666666,714,False
Small Aircraft,640,640,288,288,0.17575351071692533,0.45,0.6666666666666666,322,False
Cargo Plane,640,640,288,288,0.5598969193341281,0.45,0.6666666666666666,2959,False
Helicopter,640,640,288,288,0.06821739130434781,0.45,0.6666666666666666,393,False
Passenger Vehicle,640,640,288,288,0.05372432021056324,0.45,0.6666666666666666,39,False
Small Car,640,640,288,288,0.16254387585747246,0.45,0.6666666666666666,40,False
Bus,640,640,288,288,0.1878283491286647,0.45,0.6666666666666666,104,False
Pickup Truck,640,640,288,288,0.0013440965207596114,0.45,0.6666666666666666,48,False
Utility Truck,640,640,288,288,0.013592678172500561,0.45,0.6666666666666666,60,False
Truck,640,640,288,288,0.10840574608502626,0.45,0.6666666666666666,107,False
Cargo Truck,640,640,288,288,0.032576737722259656,0.45,0.6666666666666666,106,False
Truck Tractor,640,640,288,288,0.0019504807240911947,0.45,0.6666666666666666,109,False
Trailer,640,640,288,288,0.05144489833787489,0.45,0.6666666666666666,171,False
Truck w/Flatbed,640,640,288,288,0.03507707714515734,0.45,0.6666666666666666,205,False
Truck w/Liquid,640,640,288,288,0.013168423274416335,0.45,0.6666666666666666,200,False
Crane Truck,640,640,288,288,0.025142361158010645,0.45,0.6666666666666666,217,False
Railway Vehicle,640,640,288,288,0.11659135205432204,0.45,0.6666666666666666,360,False
Passenger Car,640,640,288,288,0.3969368656597088,0.45,0.6666666666666666,346,False
Cargo Car,640,640,288,288,0.38456937602561664,0.45,0.6666666666666666,220,False
Flat Car,640,640,288,288,0.018524396922445292,0.45,0.6666666666666666,284,False
Tank car,640,640,288,288,0.11659135205432204,0.45,0.6666666666666666,191,False
Locomotive,640,640,288,288,0.08210525856108726,0.45,0.6666666666666666,368,False
Maritime Vessel,640,640,288,288,0.14231710903179484,0.45,0.6666666666666666,2512,False
Motorboat,640,640,288,288,0.06789981336480241,0.45,0.6666666666666666,107,False
Sailboat,640,640,288,288,0.1410763053641179,0.45,0.6666666666666666,166,False
Tugboat,640,640,288,288,0.2038389665575838,0.45,0.6666666666666666,923,False
Barge,640,640,288,288,0.1169831358932359,0.45,0.6666666666666666,2937,False
Fishing Vessel,640,640,288,288,0.022798941253781936,0.45,0.6666666666666666,541,False
Ferry,640,640,288,288,0.22320159048010435,0.45,0.6666666666666666,2089,False
Yacht,640,640,288,288,0.2414768615942334,0.45,0.6666666666666666,650,False
Container Ship,640,640,288,288,0.05917991412490923,0.45,0.6666666666666666,9512,False
Oil Tanker,640,640,288,288,0.14925,0.45,0.6666666666666666,8567,False
Engineering Vehicle,640,640,288,288,0.011500700239635042,0.45,0.6666666666666666,360,False
Tower crane,640,640,288,288,0.0,0.45,0.6666666666666666,3050,False
Reach Stacker,640,640,288,288,0.02292242158426369,0.45,0.6666666666666666,224,False
Straddle Carrier,640,640,288,288,0.49749999999999994,0.45,0.6666666666666666,2787,False
Mobile Crane,640,640,288,288,0.010266159701575874,0.45,0.6666666666666666,1253,False
Dump Truck,640,640,288,288,0.08402898818874807,0.45,0.6666666666666666,119,False
Haul Truck,640,640,288,288,0.0,0.45,0.6666666666666666,426,False
Scraper/Tractor,640,640,288,288,0.0,0.45,0.6666666666666666,134,False
Front loader/Bulldozer,640,640,288,288,0.08177956502736561,0.45,0.6666666666666666,111,False
Excavator,640,640,288,288,0.243652366837897,0.45,0.6666666666666666,154,False
Cement Mixer,640,640,288,288,0.007051464664937263,0.45,0.6666666666666666,111,False
Ground Grader,640,640,288,288,0.0032546627581265066,0.45,0.6666666666666666,125,False
Hut/Tent,640,640,288,288,0.00224211935799965,0.45,0.6666666666666666,234,False
Small Aircraft,640,640,320,320,0.19760504973183654,0.5,0.6,397,False
Cargo Plane,640,640,320,320,0.5891739085193303,0.5,0.6,3653,False
Passenger Vehicle,640,640,320,320,0.07651508004800527,0.5,0.6,49,False
Small Car,640,640,320,320,0.1905476553025202,0.5,0.6,49,False
Bus,640,640,320,320,0.21982877468333561,0.5,0.6,128,False
Pickup Truck,640,640,320,320,0.0015727799520011067,0.5,0.6,59,False
Utility Truck,640,640,320,320,0.019582655929665054,0.5,0.6,74,False
Truck,640,640,320,320,0.12475455551441754,0.5,0.6,131,False
Cargo Truck,640,640,320,320,0.03849580074332724,0.5,0.6,130,False
Truck w/Box,640,640,320,320,0.2948849192645945,0.5,0.6,318,False
Truck Tractor,640,640,320,320,0.0029674137910903906,0.5,0.6,135,False
Trailer,640,640,320,320,0.05450216375702467,0.5,0.6,211,False
Truck w/Flatbed,640,640,320,320,0.043635101169420154,0.5,0.6,253,False
Truck w/Liquid,640,640,320,320,0.017825616035642054,0.5,0.6,247,False
Crane Truck,640,640,320,320,0.027074334078546435,0.5,0.6,268,False
Railway Vehicle,640,640,320,320,0.12450594924659274,0.5,0.6,444,False
Passenger Car,640,640,320,320,0.39696721457658385,0.5,0.6,426,False
Cargo Car,640,640,320,320,0.398530252643435,0.5,0.6,271,False
Flat Car,640,640,320,320,0.020001409545132985,0.5,0.6,351,False
Tank car,640,640,320,320,0.12450594924659274,0.5,0.6,235,False
Locomotive,640,640,320,320,0.07321944089009991,0.5,0.6,454,False
Maritime Vessel,640,640,320,320,0.13799118571895272,0.5,0.6,3101,False
Motorboat,640,640,320,320,0.09699732160032278,0.5,0.6,132,False
Tugboat,640,640,320,320,0.2508011321758371,0.5,0.6,1140,False
Barge,640,640,320,320,0.11979988033183986,0.5,0.6,3625,False
Fishing Vessel,640,640,320,320,0.02894018145195134,0.5,0.6,668,False
Ferry,640,640,320,320,0.2905895059182197,0.5,0.6,2579,False
Yacht,640,640,320,320,0.27791134565559383,0.5,0.6,802,False
Container Ship,640,640,320,320,0.07181445306388529,0.5,0.6,11743,False
Oil Tanker,640,640,320,320,0.199,0.5,0.6,10576,False
Engineering Vehicle,640,640,320,320,0.0188022665495318,0.5,0.6,444,False
Tower crane,640,640,320,320,0.019779310344827584,0.5,0.6,3766,False
Container Crane,640,640,320,320,0.013522456011730206,0.5,0.6,5499,False
Reach Stacker,640,640,320,320,0.04087903225806452,0.5,0.6,276,False
Straddle Carrier,640,640,320,320,0.16583333333333333,0.5,0.6,3441,False
Mobile Crane,640,640,320,320,0.017467430379109233,0.5,0.6,1547,False
Dump Truck,640,640,320,320,0.10585474682886423,0.5,0.6,146,False
Haul Truck,640,640,320,320,0.0,0.5,0.6,526,False
Scraper/Tractor,640,640,320,320,0.0,0.5,0.6,165,False
Front loader/Bulldozer,640,640,320,320,0.11563501974328708,0.5,0.6,137,False
Excavator,640,640,320,320,0.290005948912343,0.5,0.6,190,False
Cement Mixer,640,640,320,320,0.01679824445060354,0.5,0.6,137,False
Ground Grader,640,640,320,320,0.0024953115185468136,0.5,0.6,154,False
Hut/Tent,640,640,320,320,0.003549067192558848,0.5,0.6,289,False
Shipping Container,640,640,320,320,0.06162783208052951,0.5,0.6,179,False
Fixed-wing Aircraft,640,640,352,352,0.3717970677955925,0.55,0.5454545454545454,1067,False
Small Aircraft,640,640,352,352,0.29035546798029555,0.55,0.5454545454545454,481,False
Cargo Plane,640,640,352,352,0.6128887415754536,0.55,0.5454545454545454,4420,False
Helicopter,640,640,352,352,0.14298076923076922,0.55,0.5454545454545454,586,False
Passenger Vehicle,640,640,352,352,0.08074002989662188,0.55,0.5454545454545454,59,False
Bus,640,640,352,352,0.2415413541387748,0.55,0.5454545454545454,155,False
Pickup Truck,640,640,352,352,0.003062088058299916,0.55,0.5454545454545454,72,False
Utility Truck,640,640,352,352,0.024752679122874592,0.55,0.5454545454545454,89,False
Truck,640,640,352,352,0.1393376242939804,0.55,0.5454545454545454,159,False
Cargo Truck,640,640,352,352,0.04502951702707143,0.55,0.5454545454545454,157,False
Truck w/Box,640,640,352,352,0.28853796349922073,0.55,0.5454545454545454,385,False
Truck Tractor,640,640,352,352,0.006102425022037431,0.55,0.5454545454545454,163,False
Trailer,640,640,352,352,0.05941152082786786,0.55,0.5454545454545454,256,False
Truck w/Flatbed,640,640,352,352,0.052835188222548415,0.55,0.5454545454545454,306,False
Crane Truck,640,640,352,352,0.06263047715986012,0.55,0.5454545454545454,324,False
Railway Vehicle,640,640,352,352,0.13894791211099794,0.55,0.5454545454545454,537,False
Passenger Car,640,640,352,352,0.4094029765876381,0.55,0.5454545454545454,516,False
Cargo Car,640,640,352,352,0.4151489631772399,0.55,0.5454545454545454,328,False
Flat Car,640,640,352,352,0.0241332919980708,0.55,0.5454545454545454,424,False
Tank car,640,640,352,352,0.13894791211099794,0.55,0.5454545454545454,285,False
Locomotive,640,640,352,352,0.08706894782448214,0.55,0.5454545454545454,549,False
Maritime Vessel,640,640,352,352,0.13402252096212722,0.55,0.5454545454545454,3752,False
Sailboat,640,640,352,352,0.16556533713474295,0.55,0.5454545454545454,248,False
Barge,640,640,352,352,0.13705369263057401,0.55,0.5454545454545454,4386,False
Fishing Vessel,640,640,352,352,0.027363800993856307,0.55,0.5454545454545454,808,False
Ferry,640,640,352,352,0.2689069230066955,0.55,0.5454545454545454,3121,False
Yacht,640,640,352,352,0.32098364335911145,0.55,0.5454545454545454,970,False
Container Ship,640,640,352,352,0.12515359431034587,0.55,0.5454545454545454,14210,False
Oil Tanker,640,640,352,352,0.2321666666666667,0.55,0.5454545454545454,12797,False
Engineering Vehicle,640,640,352,352,0.018007165797833104,0.55,0.5454545454545454,537,False
Tower crane,640,640,352,352,0.01998502994011976,0.55,0.5454545454545454,4556,False
Container Crane,640,640,352,352,0.017489627113237635,0.55,0.5454545454545454,6653,False
Reach Stacker,640,640,352,352,0.08763890495469444,0.55,0.5454545454545454,334,False
Straddle Carrier,640,640,352,352,0.199,0.55,0.5454545454545454,4163,False
Mobile Crane,640,640,352,352,0.01284760070889496,0.55,0.5454545454545454,1872,False
Dump Truck,640,640,352,352,0.11643896576785254,0.55,0.5454545454545454,177,False
Haul Truck,640,640,352,352,0.0,0.55,0.5454545454545454,636,False
Scraper/Tractor,640,640,352,352,0.0,0.55,0.5454545454545454,200,False
Front loader/Bulldozer,640,640,352,352,0.15285588503120592,0.55,0.5454545454545454,166,False
Cement Mixer,640,640,352,352,0.02594584799822696,0.55,0.5454545454545454,165,False
Ground Grader,640,640,352,352,0.0029740853419592027,0.55,0.5454545454545454,187,False
Hut/Tent,640,640,352,352,0.003963318660619132,0.55,0.5454545454545454,350,False
Shipping Container,640,640,352,352,0.058233835328176865,0.55,0.5454545454545454,217,False
Fixed-wing Aircraft,640,640,384,384,0.3732039395445135,0.6,0.5,1269,False
Small Aircraft,640,640,384,384,0.28099487093087266,0.6,0.5,572,False
Cargo Plane,640,640,384,384,0.6192250724637902,0.6,0.5,5260,False
Helicopter,640,640,384,384,0.1663942307692307,0.6,0.5,697,False
Small Car,640,640,384,384,0.22421623832844778,0.6,0.5,71,False
Pickup Truck,640,640,384,384,0.002799767743716991,0.6,0.5,85,False
Cargo Truck,640,640,384,384,0.05104523755943793,0.6,0.5,187,False
Truck w/Box,640,640,384,384,0.29600693510285775,0.6,0.5,458,False
Truck Tractor,640,640,384,384,0.007120397234738308,0.6,0.5,194,False
Trailer,640,640,384,384,0.06738060397045284,0.6,0.5,304,False
Truck w/Flatbed,640,640,384,384,0.05634914920787777,0.6,0.5,364,False
Truck w/Liquid,640,640,384,384,0.029974819514271576,0.6,0.5,356,False
Passenger Car,640,640,384,384,0.4203622413585018,0.6,0.5,614,False
Cargo Car,640,640,384,384,0.425530424289712,0.6,0.5,391,False
Flat Car,640,640,384,384,0.04220392528950999,0.6,0.5,505,False
Locomotive,640,640,384,384,0.12535784577546624,0.6,0.5,654,False
Maritime Vessel,640,640,384,384,0.13312840201959728,0.6,0.5,4465,False
Motorboat,640,640,384,384,0.10710594350227487,0.6,0.5,190,False
Sailboat,640,640,384,384,0.19691189511109214,0.6,0.5,295,False
Tugboat,640,640,384,384,0.2685059817478833,0.6,0.5,1641,False
Barge,640,640,384,384,0.16960089276485787,0.6,0.5,5220,False
Fishing Vessel,640,640,384,384,0.029352011142184747,0.6,0.5,962,False
Oil Tanker,640,640,384,384,0.2321666666666667,0.6,0.5,15230,False
Engineering Vehicle,640,640,384,384,0.020473802013257627,0.6,0.5,639,False
Tower crane,640,640,384,384,0.05931000000000001,0.6,0.5,5422,False
Container Crane,640,640,384,384,0.009706909309440561,0.6,0.5,7918,False
Straddle Carrier,640,640,384,384,0.199,0.6,0.5,4954,False
Mobile Crane,640,640,384,384,0.03174980369197451,0.6,0.5,2228,False
Haul Truck,640,640,384,384,0.0,0.6,0.5,757,False
Scraper/Tractor,640,640,384,384,0.0,0.6,0.5,238,False
Front loader/Bulldozer,640,640,384,384,0.17817230051696578,0.6,0.5,197,False
Excavator,640,640,384,384,0.31904937723070076,0.6,0.5,274,False
Ground Grader,640,640,384,384,0.002588409844650026,0.6,0.5,222,False
Hut/Tent,640,640,384,384,0.004118430567183737,0.6,0.5,416,False
Shipping Container,640,640,384,384,0.06169767945113312,0.6,0.5,258,False
Fixed-wing Aircraft,640,640,416,416,0.35794713645458187,0.65,0.4615384615384615,1489,False
Small Aircraft,640,640,416,416,0.27852878279781523,0.65,0.4615384615384615,671,False
Cargo Plane,640,640,416,416,0.6244926631788421,0.65,0.4615384615384615,6173,False
Helicopter,640,640,416,416,0.17930555555555555,0.65,0.4615384615384615,818,False
Passenger Vehicle,640,640,416,416,0.08749612845574781,0.65,0.4615384615384615,82,False
Small Car,640,640,416,416,0.23628874050829904,0.65,0.4615384615384615,83,False
Bus,640,640,416,416,0.2767289360935135,0.65,0.4615384615384615,217,False
Pickup Truck,640,640,416,416,0.0040472321513720195,0.65,0.4615384615384615,100,False
Utility Truck,640,640,416,416,0.02813962913375464,0.65,0.4615384615384615,125,False
Truck,640,640,416,416,0.15065804318042886,0.65,0.4615384615384615,222,False
Cargo Truck,640,640,416,416,0.056693762048873275,0.65,0.4615384615384615,220,False
Truck w/Box,640,640,416,416,0.2955795318879007,0.65,0.4615384615384615,537,False
Truck Tractor,640,640,416,416,0.01045364762283305,0.65,0.4615384615384615,227,False
Trailer,640,640,416,416,0.07328408118902066,0.65,0.4615384615384615,357,False
Truck w/Flatbed,640,640,416,416,0.07480720990323989,0.65,0.4615384615384615,427,False
Truck w/Liquid,640,640,416,416,0.0381887950108291,0.65,0.4615384615384615,418,False
Crane Truck,640,640,416,416,0.09439660329060987,0.65,0.4615384615384615,453,False
Railway Vehicle,640,640,416,416,0.15008563366618138,0.65,0.4615384615384615,750,False
Passenger Car,640,640,416,416,0.4188003562949979,0.65,0.4615384615384615,720,False
Cargo Car,640,640,416,416,0.42880483653551504,0.65,0.4615384615384615,458,False
Flat Car,640,640,416,416,0.04124351783350429,0.65,0.4615384615384615,592,False
Tank car,640,640,416,416,0.15008563366618138,0.65,0.4615384615384615,397,False
Locomotive,640,640,416,416,0.10517483165965083,0.65,0.4615384615384615,767,False
Maritime Vessel,640,640,416,416,0.16259044982617202,0.65,0.4615384615384615,5240,False
Motorboat,640,640,416,416,0.11390970035720194,0.65,0.4615384615384615,223,False
Sailboat,640,640,416,416,0.17471877445685677,0.65,0.4615384615384615,347,False
Tugboat,640,640,416,416,0.24891452493400373,0.65,0.4615384615384615,1926,False
Barge,640,640,416,416,0.21087522962962962,0.65,0.4615384615384615,6126,False
Fishing Vessel,640,640,416,416,0.048608051960993416,0.65,0.4615384615384615,1129,False
Ferry,640,640,416,416,0.32001784268607675,0.65,0.4615384615384615,4359,False
Yacht,640,640,416,416,0.3498194630604524,0.65,0.4615384615384615,1355,False
Container Ship,640,640,416,416,0.0647322974987975,0.65,0.4615384615384615,19846,False
Oil Tanker,640,640,416,416,0.174125,0.65,0.4615384615384615,17874,False
Engineering Vehicle,640,640,416,416,0.023319844836174174,0.65,0.4615384615384615,750,False
Tower crane,640,640,416,416,0.059942775974025975,0.65,0.4615384615384615,6364,False
Container Crane,640,640,416,416,0.007010674360182131,0.65,0.4615384615384615,9293,False
Reach Stacker,640,640,416,416,0.061249999999999985,0.65,0.4615384615384615,466,False
Straddle Carrier,640,640,416,416,0.199,0.65,0.4615384615384615,5815,False
Mobile Crane,640,640,416,416,0.03447739633553811,0.65,0.4615384615384615,2615,False
Dump Truck,640,640,416,416,0.1287675531297535,0.65,0.4615384615384615,247,False
Haul Truck,640,640,416,416,0.0,0.65,0.4615384615384615,889,False
Scraper/Tractor,640,640,416,416,0.0,0.65,0.4615384615384615,279,False
Front loader/Bulldozer,640,640,416,416,0.19926922903582275,0.65,0.4615384615384615,231,False
Excavator,640,640,416,416,0.33338838474072185,0.65,0.4615384615384615,321,False
Cement Mixer,640,640,416,416,0.06544752883163421,0.65,0.4615384615384615,231,False
Ground Grader,640,640,416,416,0.006812632729707393,0.65,0.4615384615384615,261,False
Hut/Tent,640,640,416,416,0.004800293888179321,0.65,0.4615384615384615,488,False
Shipping Container,640,640,416,416,0.05108147958553464,0.65,0.4615384615384615,303,False
Fixed-wing Aircraft,640,640,448,448,0.3588074631111111,0.7,0.4285714285714286,1727,False
Small Aircraft,640,640,448,448,0.27967110753157265,0.7,0.4285714285714286,778,False
Cargo Plane,640,640,448,448,0.6318240401150473,0.7,0.4285714285714286,7159,False
Helicopter,640,640,448,448,0.3475,0.7,0.4285714285714286,949,False
Passenger Vehicle,640,640,448,448,0.10213354449327901,0.7,0.4285714285714286,95,False
Small Car,640,640,448,448,0.24462914324530324,0.7,0.4285714285714286,96,False
Bus,640,640,448,448,0.2803039430052309,0.7,0.4285714285714286,251,False
Pickup Truck,640,640,448,448,0.0034537028757168375,0.7,0.4285714285714286,116,False
Utility Truck,640,640,448,448,0.02950286819803317,0.7,0.4285714285714286,145,False
Truck,640,640,448,448,0.15657243249978858,0.7,0.4285714285714286,257,False
Truck w/Box,640,640,448,448,0.30048825072005475,0.7,0.4285714285714286,623,False
Truck Tractor,640,640,448,448,0.013631895654030798,0.7,0.4285714285714286,264,False
Truck w/Liquid,640,640,448,448,0.03674711176472708,0.7,0.4285714285714286,484,False
Crane Truck,640,640,448,448,0.09827923175431558,0.7,0.4285714285714286,525,False
Railway Vehicle,640,640,448,448,0.15621164044900016,0.7,0.4285714285714286,869,False
Passenger Car,640,640,448,448,0.41170403646177267,0.7,0.4285714285714286,835,False
Cargo Car,640,640,448,448,0.4152495512001126,0.7,0.4285714285714286,532,False
Flat Car,640,640,448,448,0.05460038734180901,0.7,0.4285714285714286,687,False
Tank car,640,640,448,448,0.15621164044900016,0.7,0.4285714285714286,461,False
Maritime Vessel,640,640,448,448,0.1470293045673288,0.7,0.4285714285714286,6077,False
Motorboat,640,640,448,448,0.1270632116105897,0.7,0.4285714285714286,258,False
Sailboat,640,640,448,448,0.20448903522361558,0.7,0.4285714285714286,402,False
Tugboat,640,640,448,448,0.24806923671383604,0.7,0.4285714285714286,2233,False
Barge,640,640,448,448,0.15705338012069814,0.7,0.4285714285714286,7105,False
Fishing Vessel,640,640,448,448,0.04527879583624174,0.7,0.4285714285714286,1309,False
Ferry,640,640,448,448,0.3048697409734569,0.7,0.4285714285714286,5055,False
Yacht,640,640,448,448,0.34174681727961265,0.7,0.4285714285714286,1571,False
Container Ship,640,640,448,448,0.07081410022453563,0.7,0.4285714285714286,23017,False
Oil Tanker,640,640,448,448,0.059699999999999996,0.7,0.4285714285714286,20729,False
Engineering Vehicle,640,640,448,448,0.030133045873167473,0.7,0.4285714285714286,870,False
Container Crane,640,640,448,448,0.00822038860103627,0.7,0.4285714285714286,10777,False
Reach Stacker,640,640,448,448,0.16147844838973877,0.7,0.4285714285714286,540,False
Straddle Carrier,640,640,448,448,0.199,0.7,0.4285714285714286,6743,False
Mobile Crane,640,640,448,448,0.045078515665736736,0.7,0.4285714285714286,3032,False
Dump Truck,640,640,448,448,0.13477189566439546,0.7,0.4285714285714286,287,False
Haul Truck,640,640,448,448,0.0,0.7,0.4285714285714286,1030,False
Scraper/Tractor,640,640,448,448,0.0,0.7,0.4285714285714286,323,False
Front loader/Bulldozer,640,640,448,448,0.21132071681259007,0.7,0.4285714285714286,268,False
Excavator,640,640,448,448,0.34695968144126166,0.7,0.4285714285714286,372,False
Cement Mixer,640,640,448,448,0.074581213248557,0.7,0.4285714285714286,268,False
Ground Grader,640,640,448,448,0.009429919070595077,0.7,0.4285714285714286,302,False
Hut/Tent,640,640,448,448,0.005203927376359593,0.7,0.4285714285714286,566,False
Shipping Container,640,640,448,448,0.057533178126269735,0.7,0.4285714285714286,351,False
Fixed-wing Aircraft,640,640,480,480,0.37706216149068317,0.75,0.39999999999999997,1983,False
Small Aircraft,640,640,480,480,0.2846761113103041,0.75,0.39999999999999997,893,False
Cargo Plane,640,640,480,480,0.6406292633788544,0.75,0.39999999999999997,8218,False
Helicopter,640,640,480,480,0.24874999999999997,0.75,0.39999999999999997,1089,False
Passenger Vehicle,640,640,480,480,0.10127417188123358,0.75,0.39999999999999997,109,False
Small Car,640,640,480,480,0.2506838451328114,0.75,0.39999999999999997,110,False
Bus,640,640,480,480,0.2843466914145235,0.75,0.39999999999999997,289,False
Pickup Truck,640,640,480,480,0.003812465194859732,0.75,0.39999999999999997,133,False
Utility Truck,640,640,480,480,0.032395861920418434,0.75,0.39999999999999997,166,False
Truck,640,640,480,480,0.1601743178967248,0.75,0.39999999999999997,295,False
Cargo Truck,640,640,480,480,0.06342127268985709,0.75,0.39999999999999997,292,False
Truck w/Box,640,640,480,480,0.29438032810445713,0.75,0.39999999999999997,715,False
Truck Tractor,640,640,480,480,0.009826888861844673,0.75,0.39999999999999997,303,False
Trailer,640,640,480,480,0.08306934470483376,0.75,0.39999999999999997,475,False
Truck w/Flatbed,640,640,480,480,0.0931167047614426,0.75,0.39999999999999997,568,False
Truck w/Liquid,640,640,480,480,0.04144277177307702,0.75,0.39999999999999997,556,False
Crane Truck,640,640,480,480,0.10948233157468187,0.75,0.39999999999999997,602,False
Railway Vehicle,640,640,480,480,0.15737049859926455,0.75,0.39999999999999997,998,False
Passenger Car,640,640,480,480,0.4186725485165705,0.75,0.39999999999999997,959,False
Cargo Car,640,640,480,480,0.424665441350412,0.75,0.39999999999999997,610,False
Flat Car,640,640,480,480,0.055190091806639544,0.75,0.39999999999999997,789,False
Tank car,640,640,480,480,0.15737049859926455,0.75,0.39999999999999997,529,False
Locomotive,640,640,480,480,0.12735430362302555,0.75,0.39999999999999997,1021,False
Maritime Vessel,640,640,480,480,0.1440774271781155,0.75,0.39999999999999997,6976,False
Motorboat,640,640,480,480,0.12822198751928388,0.75,0.39999999999999997,296,False
Sailboat,640,640,480,480,0.2267375035463214,0.75,0.39999999999999997,461,False
Tugboat,640,640,480,480,0.22823573237322253,0.75,0.39999999999999997,2564,False
Barge,640,640,480,480,0.19431092393880628,0.75,0.39999999999999997,8156,False
Fishing Vessel,640,640,480,480,0.048193812704532026,0.75,0.39999999999999997,1503,False
Ferry,640,640,480,480,0.2864389869437482,0.75,0.39999999999999997,5803,False
Yacht,640,640,480,480,0.35308806315531427,0.75,0.39999999999999997,1803,False
Container Ship,640,640,480,480,0.07300669895856401,0.75,0.39999999999999997,26422,False
Oil Tanker,640,640,480,480,0.0870625,0.75,0.39999999999999997,23796,False
Tower crane,640,640,480,480,0.07881407035175879,0.75,0.39999999999999997,8472,False
Container Crane,640,640,480,480,0.006414971590909091,0.75,0.39999999999999997,12372,False
Reach Stacker,640,640,480,480,0.12180054991539764,0.75,0.39999999999999997,620,False
Straddle Carrier,640,640,480,480,0.199,0.75,0.39999999999999997,7741,False
Mobile Crane,640,640,480,480,0.04976680312168165,0.75,0.39999999999999997,3481,False
Dump Truck,640,640,480,480,0.14162270989331252,0.75,0.39999999999999997,329,False
Haul Truck,640,640,480,480,0.0,0.75,0.39999999999999997,1183,False
Scraper/Tractor,640,640,480,480,0.0,0.75,0.39999999999999997,371,False
Excavator,640,640,480,480,0.3561887671241784,0.75,0.39999999999999997,427,False
Cement Mixer,640,640,480,480,0.0737784817045072,0.75,0.39999999999999997,307,False
Ground Grader,640,640,480,480,0.010354373344362455,0.75,0.39999999999999997,347,False
Hut/Tent,640,640,480,480,0.007625642215703633,0.75,0.39999999999999997,650,False
Shipping Container,640,640,480,480,0.05542427373176571,0.75,0.39999999999999997,403,False
Fixed-wing Aircraft,640,640,512,512,0.38529513632566265,0.8,0.37499999999999994,2256,False
Small Aircraft,640,640,512,512,0.29897549856513034,0.8,0.37499999999999994,1016,False
Cargo Plane,640,640,512,512,0.6201779682495309,0.8,0.37499999999999994,9350,False
Helicopter,640,640,512,512,0.37250000000000005,0.8,0.37499999999999994,1240,False
Passenger Vehicle,640,640,512,512,0.09816491112172614,0.8,0.37499999999999994,123,False
Small Car,640,640,512,512,0.255019577245795,0.8,0.37499999999999994,125,False
Bus,640,640,512,512,0.28664290698939626,0.8,0.37499999999999994,328,False
Pickup Truck,640,640,512,512,0.0047273768073363195,0.8,0.37499999999999994,151,False
Utility Truck,640,640,512,512,0.032568324363216807,0.8,0.37499999999999994,189,False
Truck,640,640,512,512,0.16267522266049048,0.8,0.37499999999999994,336,False
Cargo Truck,640,640,512,512,0.06753603250941806,0.8,0.37499999999999994,333,False
Truck w/Box,640,640,512,512,0.29695671715408706,0.8,0.37499999999999994,814,False
Truck Tractor,640,640,512,512,0.01712101345147089,0.8,0.37499999999999994,344,False
Trailer,640,640,512,512,0.08393475176825917,0.8,0.37499999999999994,540,False
Truck w/Flatbed,640,640,512,512,0.08323945028406493,0.8,0.37499999999999994,646,False
Truck w/Liquid,640,640,512,512,0.03885134561741245,0.8,0.37499999999999994,632,False
Crane Truck,640,640,512,512,0.10294409745387027,0.8,0.37499999999999994,685,False
Railway Vehicle,640,640,512,512,0.15949813109814004,0.8,0.37499999999999994,1135,False
Passenger Car,640,640,512,512,0.41600112078636464,0.8,0.37499999999999994,1091,False
Cargo Car,640,640,512,512,0.42638902174777493,0.8,0.37499999999999994,694,False
Flat Car,640,640,512,512,0.08637071710130335,0.8,0.37499999999999994,897,False
Tank car,640,640,512,512,0.15949813109814004,0.8,0.37499999999999994,601,False
Locomotive,640,640,512,512,0.11339465192626112,0.8,0.37499999999999994,1161,False
Maritime Vessel,640,640,512,512,0.1363634635475661,0.8,0.37499999999999994,7937,False
Motorboat,640,640,512,512,0.14598718074891745,0.8,0.37499999999999994,337,False
Sailboat,640,640,512,512,0.19289746916715272,0.8,0.37499999999999994,525,False
Tugboat,640,640,512,512,0.206568334391439,0.8,0.37499999999999994,2917,False
Barge,640,640,512,512,0.25686318055555557,0.8,0.37499999999999994,9280,False
Fishing Vessel,640,640,512,512,0.04934123862974729,0.8,0.37499999999999994,1710,False
Ferry,640,640,512,512,0.2938121785962169,0.8,0.37499999999999994,6603,False
Yacht,640,640,512,512,0.3556368028986172,0.8,0.37499999999999994,2052,False
Container Ship,640,640,512,512,0.08171181283905968,0.8,0.37499999999999994,30063,False
Oil Tanker,640,640,512,512,0.05804166666666667,0.8,0.37499999999999994,27074,False
Engineering Vehicle,640,640,512,512,0.011158647518831988,0.8,0.37499999999999994,1136,False
Tower crane,640,640,512,512,0.07952461264225971,0.8,0.37499999999999994,9640,False
Container Crane,640,640,512,512,0.005964046240911671,0.8,0.37499999999999994,14076,False
Reach Stacker,640,640,512,512,0.08650027100271003,0.8,0.37499999999999994,706,False
Straddle Carrier,640,640,512,512,0.199,0.8,0.37499999999999994,8808,False
Mobile Crane,640,640,512,512,0.05076100535635301,0.8,0.37499999999999994,3960,False
Dump Truck,640,640,512,512,0.145961906525166,0.8,0.37499999999999994,374,False
Haul Truck,640,640,512,512,0.0,0.8,0.37499999999999994,1346,False
Scraper/Tractor,640,640,512,512,0.0,0.8,0.37499999999999994,422,False
Front loader/Bulldozer,640,640,512,512,0.22732631321163646,0.8,0.37499999999999994,350,False
Excavator,640,640,512,512,0.3576212253692643,0.8,0.37499999999999994,486,False
Cement Mixer,640,640,512,512,0.08108764679506189,0.8,0.37499999999999994,349,False
Ground Grader,640,640,512,512,0.012416640948362465,0.8,0.37499999999999994,395,False
Hut/Tent,640,640,512,512,0.007108418102620681,0.8,0.37499999999999994,740,False
Shipping Container,640,640,512,512,0.04577412663175242,0.8,0.37499999999999994,459,False
Fixed-wing Aircraft,640,640,544,544,0.37303356462585036,0.85,0.35294117647058826,2547,False
Cargo Plane,640,640,544,544,0.6402551734639956,0.85,0.35294117647058826,10556,False
Helicopter,640,640,544,544,0.41416666666666657,0.85,0.35294117647058826,1399,False
Passenger Vehicle,640,640,544,544,0.1040169581672959,0.85,0.35294117647058826,139,False
Small Car,640,640,544,544,0.2583056446123054,0.85,0.35294117647058826,141,False
Bus,640,640,544,544,0.28899130224514197,0.85,0.35294117647058826,370,False
Pickup Truck,640,640,544,544,0.0038241558724821127,0.85,0.35294117647058826,170,False
Utility Truck,640,640,544,544,0.0319878347275518,0.85,0.35294117647058826,213,False
Truck,640,640,544,544,0.16038972413107203,0.85,0.35294117647058826,379,False
Cargo Truck,640,640,544,544,0.06680980576279506,0.85,0.35294117647058826,375,False
Truck w/Box,640,640,544,544,0.29161287261917024,0.85,0.35294117647058826,919,False
Truck Tractor,640,640,544,544,0.0192100179189872,0.85,0.35294117647058826,388,False
Trailer,640,640,544,544,0.08574351579451636,0.85,0.35294117647058826,610,False
Truck w/Flatbed,640,640,544,544,0.09439096135944738,0.85,0.35294117647058826,730,False
Truck w/Liquid,640,640,544,544,0.043511850067331034,0.85,0.35294117647058826,714,False
Crane Truck,640,640,544,544,0.1025077644362371,0.85,0.35294117647058826,774,False
Railway Vehicle,640,640,544,544,0.162287555464119,0.85,0.35294117647058826,1281,False
Passenger Car,640,640,544,544,0.4091202367116944,0.85,0.35294117647058826,1232,False
Cargo Car,640,640,544,544,0.42938499959746695,0.85,0.35294117647058826,784,False
Flat Car,640,640,544,544,0.06844466446653749,0.85,0.35294117647058826,1013,False
Tank car,640,640,544,544,0.162287555464119,0.85,0.35294117647058826,679,False
Locomotive,640,640,544,544,0.119442135875296,0.85,0.35294117647058826,1311,False
Maritime Vessel,640,640,544,544,0.1387377587500022,0.85,0.35294117647058826,8960,False
Motorboat,640,640,544,544,0.14788220375888908,0.85,0.35294117647058826,381,False
Sailboat,640,640,544,544,0.2046917254032797,0.85,0.35294117647058826,592,False
Tugboat,640,640,544,544,0.19929727858221555,0.85,0.35294117647058826,3293,False
Barge,640,640,544,544,0.25268106891399195,0.85,0.35294117647058826,10476,False
Ferry,640,640,544,544,0.2850920786491641,0.85,0.35294117647058826,7454,False
Yacht,640,640,544,544,0.339516371469784,0.85,0.35294117647058826,2316,False
Container Ship,640,640,544,544,0.06692505128205127,0.85,0.35294117647058826,33938,False
Oil Tanker,640,640,544,544,0.0870625,0.85,0.35294117647058826,30564,False
Engineering Vehicle,640,640,544,544,0.010050896731309466,0.85,0.35294117647058826,1282,False
Tower crane,640,640,544,544,0.07867500000000002,0.85,0.35294117647058826,10882,False
Container Crane,640,640,544,544,0.006697211242863416,0.85,0.35294117647058826,15890,False
Reach Stacker,640,640,544,544,0.1218475557461407,0.85,0.35294117647058826,797,False
Straddle Carrier,640,640,544,544,0.199,0.85,0.35294117647058826,9943,False
Mobile Crane,640,640,544,544,0.050653423616570235,0.85,0.35294117647058826,4471,False
Dump Truck,640,640,544,544,0.1493573779076835,0.85,0.35294117647058826,422,False
Haul Truck,640,640,544,544,0.0,0.85,0.35294117647058826,1519,False
Scraper/Tractor,640,640,544,544,0.0,0.85,0.35294117647058826,477,False
Front loader/Bulldozer,640,640,544,544,0.2316801017751619,0.85,0.35294117647058826,395,False
Excavator,640,640,544,544,0.35240107187903347,0.85,0.35294117647058826,549,False
Cement Mixer,640,640,544,544,0.08860343858142768,0.85,0.35294117647058826,394,False
Ground Grader,640,640,544,544,0.01348287055371794,0.85,0.35294117647058826,446,False
Hut/Tent,640,640,544,544,0.008035955942973023,0.85,0.35294117647058826,835,False
Shipping Container,640,640,544,544,0.04867542691814073,0.85,0.35294117647058826,518,False
Fixed-wing Aircraft,640,640,576,576,0.37345938643067844,0.9,0.3333333333333333,2855,False
Small Aircraft,640,640,576,576,0.27500298304840404,0.9,0.3333333333333333,1286,False
Cargo Plane,640,640,576,576,0.645008450960464,0.9,0.3333333333333333,11834,False
Helicopter,640,640,576,576,0.41416666666666657,0.9,0.3333333333333333,1569,False
Passenger Vehicle,640,640,576,576,0.09771625392481721,0.9,0.3333333333333333,156,False
Small Car,640,640,576,576,0.2597461544563605,0.9,0.3333333333333333,158,False
Bus,640,640,576,576,0.28509545404152836,0.9,0.3333333333333333,415,False
Pickup Truck,640,640,576,576,0.0032611547831966265,0.9,0.3333333333333333,191,False
Utility Truck,640,640,576,576,0.03338985437714952,0.9,0.3333333333333333,239,False
Truck,640,640,576,576,0.16382360363527354,0.9,0.3333333333333333,425,False
Cargo Truck,640,640,576,576,0.07068959190485183,0.9,0.3333333333333333,421,False
Truck w/Box,640,640,576,576,0.2870253131956323,0.9,0.3333333333333333,1030,False
Truck Tractor,640,640,576,576,0.018892670216161096,0.9,0.3333333333333333,435,False
Trailer,640,640,576,576,0.08776107758895194,0.9,0.3333333333333333,683,False
Truck w/Flatbed,640,640,576,576,0.09079909215660086,0.9,0.3333333333333333,818,False
Truck w/Liquid,640,640,576,576,0.03971897446797318,0.9,0.3333333333333333,800,False
Crane Truck,640,640,576,576,0.10369509328167814,0.9,0.3333333333333333,867,False
Railway Vehicle,640,640,576,576,0.16162944854911376,0.9,0.3333333333333333,1437,False
Passenger Car,640,640,576,576,0.40716680419266443,0.9,0.3333333333333333,1381,False
Cargo Car,640,640,576,576,0.4282905829309568,0.9,0.3333333333333333,879,False
Tank car,640,640,576,576,0.16162944854911376,0.9,0.3333333333333333,761,False
Locomotive,640,640,576,576,0.11248353602548097,0.9,0.3333333333333333,1470,False
Maritime Vessel,640,640,576,576,0.14058768755097845,0.9,0.3333333333333333,10045,False
Motorboat,640,640,576,576,0.15839634485785575,0.9,0.3333333333333333,427,False
Sailboat,640,640,576,576,0.20237682645743188,0.9,0.3333333333333333,664,False
Tugboat,640,640,576,576,0.2184124088356255,0.9,0.3333333333333333,3692,False
Barge,640,640,576,576,0.25183663681478086,0.9,0.3333333333333333,11745,False
Fishing Vessel,640,640,576,576,0.04125582521921226,0.9,0.3333333333333333,2164,False
Ferry,640,640,576,576,0.29392066548596985,0.9,0.3333333333333333,8356,False
Yacht,640,640,576,576,0.35004023046263744,0.9,0.3333333333333333,2597,False
Container Ship,640,640,576,576,0.06215911102092353,0.9,0.3333333333333333,38048,False
Oil Tanker,640,640,576,576,0.05804166666666667,0.9,0.3333333333333333,34266,False
Engineering Vehicle,640,640,576,576,0.012949888812591412,0.9,0.3333333333333333,1437,False
Tower crane,640,640,576,576,0.0786952789699571,0.9,0.3333333333333333,12200,False
Container Crane,640,640,576,576,0.003855588961038961,0.9,0.3333333333333333,17815,False
Reach Stacker,640,640,576,576,0.14515923337355857,0.9,0.3333333333333333,893,False
Straddle Carrier,640,640,576,576,0.199,0.9,0.3333333333333333,11147,False
Mobile Crane,640,640,576,576,0.05031396541069947,0.9,0.3333333333333333,5012,False
Dump Truck,640,640,576,576,0.14181474970970598,0.9,0.3333333333333333,474,False
Haul Truck,640,640,576,576,0.0,0.9,0.3333333333333333,1703,False
Scraper/Tractor,640,640,576,576,0.0,0.9,0.3333333333333333,534,False
Front loader/Bulldozer,640,640,576,576,0.22841210251605532,0.9,0.3333333333333333,443,False
Excavator,640,640,576,576,0.34651847892575216,0.9,0.3333333333333333,615,False
Cement Mixer,640,640,576,576,0.09675141264506382,0.9,0.3333333333333333,442,False
Ground Grader,640,640,576,576,0.014558509016086744,0.9,0.3333333333333333,499,False
Hut/Tent,640,640,576,576,0.005917372004612691,0.9,0.3333333333333333,936,False
Shipping Container,640,640,576,576,0.053211031432981615,0.9,0.3333333333333333,580,False
Fixed-wing Aircraft,640,640,608,608,0.3693634697554697,0.95,0.3157894736842105,3181,False
Small Aircraft,640,640,608,608,0.2520479868171045,0.95,0.3157894736842105,1433,False
Cargo Plane,640,640,608,608,0.6390677057133198,0.95,0.3157894736842105,13185,False
Helicopter,640,640,608,608,0.4639935897435897,0.95,0.3157894736842105,1748,False
Passenger Vehicle,640,640,608,608,0.10025812137755943,0.95,0.3157894736842105,174,False
Small Car,640,640,608,608,0.2604569462500116,0.95,0.3157894736842105,176,False
Bus,640,640,608,608,0.2876550905988071,0.95,0.3157894736842105,463,False
Pickup Truck,640,640,608,608,0.0036873579643814615,0.95,0.3157894736842105,213,False
Utility Truck,640,640,608,608,0.033555174400943855,0.95,0.3157894736842105,266,False
Truck,640,640,608,608,0.16506060605007083,0.95,0.3157894736842105,473,False
Cargo Truck,640,640,608,608,0.06977222233227287,0.95,0.3157894736842105,469,False
Truck w/Box,640,640,608,608,0.29035388130808093,0.95,0.3157894736842105,1148,False
Trailer,640,640,608,608,0.08201364098662461,0.95,0.3157894736842105,761,False
Truck w/Flatbed,640,640,608,608,0.10323271920934499,0.95,0.3157894736842105,911,False
Truck w/Liquid,640,640,608,608,0.03860021410421699,0.95,0.3157894736842105,891,False
Crane Truck,640,640,608,608,0.09069853995533075,0.95,0.3157894736842105,966,False
Railway Vehicle,640,640,608,608,0.15935382725679934,0.95,0.3157894736842105,1601,False
Passenger Car,640,640,608,608,0.40976034443839904,0.95,0.3157894736842105,1538,False
Cargo Car,640,640,608,608,0.41649949595169955,0.95,0.3157894736842105,979,False
Flat Car,640,640,608,608,0.05360874393505768,0.95,0.3157894736842105,1265,False
Tank car,640,640,608,608,0.15935382725679934,0.95,0.3157894736842105,848,False
Locomotive,640,640,608,608,0.10576627280085904,0.95,0.3157894736842105,1638,False
Maritime Vessel,640,640,608,608,0.13535613568760488,0.95,0.3157894736842105,11192,False
Motorboat,640,640,608,608,0.15424238040369628,0.95,0.3157894736842105,475,False
Sailboat,640,640,608,608,0.21195903398507418,0.95,0.3157894736842105,740,False
Tugboat,640,640,608,608,0.1964427140252304,0.95,0.3157894736842105,4113,False
Barge,640,640,608,608,0.24990509412055334,0.95,0.3157894736842105,13086,False
Fishing Vessel,640,640,608,608,0.04508155092852956,0.95,0.3157894736842105,2411,False
Ferry,640,640,608,608,0.276996040445343,0.95,0.3157894736842105,9311,False
Yacht,640,640,608,608,0.35589460373725196,0.95,0.3157894736842105,2893,False
Container Ship,640,640,608,608,0.06999373021643114,0.95,0.3157894736842105,42393,False
Oil Tanker,640,640,608,608,0.03511764705882352,0.95,0.3157894736842105,38179,False
Engineering Vehicle,640,640,608,608,0.007545853218255167,0.95,0.3157894736842105,1602,False
Tower crane,640,640,608,608,0.0806095041322314,0.95,0.3157894736842105,13593,False
Container Crane,640,640,608,608,0.016065523446758084,0.95,0.3157894736842105,19849,False
Reach Stacker,640,640,608,608,0.1130384615384615,0.95,0.3157894736842105,995,False
Straddle Carrier,640,640,608,608,0.199,0.95,0.3157894736842105,12420,False
Dump Truck,640,640,608,608,0.1426485346614994,0.95,0.3157894736842105,528,False
Haul Truck,640,640,608,608,0.0,0.95,0.3157894736842105,1898,False
Scraper/Tractor,640,640,608,608,0.0,0.95,0.3157894736842105,595,False
Front loader/Bulldozer,640,640,608,608,0.2058439337838593,0.95,0.3157894736842105,493,False
Excavator,640,640,608,608,0.3457362556508077,0.95,0.3157894736842105,685,False
Cement Mixer,640,640,608,608,0.10293688664192953,0.95,0.3157894736842105,492,False
Hut/Tent,640,640,608,608,0.011728822341352921,0.95,0.3157894736842105,1043,False
Shipping Container,640,640,608,608,0.05111508070745443,0.95,0.3157894736842105,647,False
Fixed-wing Aircraft,640,640,640,640,0.3109511822581213,1.0,0.3,3524,False
Small Aircraft,640,640,640,640,0.2808604029476577,1.0,0.3,1587,False
Cargo Plane,640,640,640,640,0.6507862631773124,1.0,0.3,14609,False
Helicopter,640,640,640,640,0.46390723270440243,1.0,0.3,1936,False
Passenger Vehicle,640,640,640,640,0.07970681720980143,1.0,0.3,193,False
Small Car,640,640,640,640,0.2526487911340575,1.0,0.3,196,False
Bus,640,640,640,640,0.2769045445591214,1.0,0.3,512,False
Pickup Truck,640,640,640,640,0.001997036689467788,1.0,0.3,235,False
Utility Truck,640,640,640,640,0.03424445147094592,1.0,0.3,294,False
Truck,640,640,640,640,0.15466334531436285,1.0,0.3,524,False
Cargo Truck,640,640,640,640,0.06931607128976565,1.0,0.3,519,False
Truck w/Box,640,640,640,640,0.26883429103151274,1.0,0.3,1271,False
Truck Tractor,640,640,640,640,0.036848105488818624,1.0,0.3,537,False
Trailer,640,640,640,640,0.08560682198511145,1.0,0.3,843,False
Truck w/Flatbed,640,640,640,640,0.0952055719485861,1.0,0.3,1010,False
Truck w/Liquid,640,640,640,640,0.04940674700517063,1.0,0.3,987,False
Crane Truck,640,640,640,640,0.06662316248319138,1.0,0.3,1070,False
Railway Vehicle,640,640,640,640,0.1471331999617627,1.0,0.3,1773,False
Passenger Car,640,640,640,640,0.3847303851388142,1.0,0.3,1704,False
Cargo Car,640,640,640,640,0.4025935586494718,1.0,0.3,1084,False
Flat Car,640,640,640,640,0.06497489696218238,1.0,0.3,1401,False
Tank car,640,640,640,640,0.1471331999617627,1.0,0.3,939,False
Locomotive,640,640,640,640,0.10744351333949162,1.0,0.3,1814,False
Maritime Vessel,640,640,640,640,0.14552472841738825,1.0,0.3,12401,False
Motorboat,640,640,640,640,0.15642724352624074,1.0,0.3,526,False
Sailboat,640,640,640,640,0.18240062689417413,1.0,0.3,819,False
Tugboat,640,640,640,640,0.158253994359216,1.0,0.3,4557,False
Barge,640,640,640,640,0.18195752871740659,1.0,0.3,14499,False
Fishing Vessel,640,640,640,640,0.021831995177465903,1.0,0.3,2671,False
Ferry,640,640,640,640,0.19135319618510477,1.0,0.3,10316,False
Yacht,640,640,640,640,0.3298157036790106,1.0,0.3,3205,False
Container Ship,640,640,640,640,0.06557024631974259,1.0,0.3,46972,False
Oil Tanker,640,640,640,640,0.0373125,1.0,0.3,42303,False
Engineering Vehicle,640,640,640,640,0.0022394551571099587,1.0,0.3,1774,False
Tower crane,640,640,640,640,0.046391509433962266,1.0,0.3,15061,False
Container Crane,640,640,640,640,0.01910113782495001,1.0,0.3,21993,False
Reach Stacker,640,640,640,640,0.13753043143297378,1.0,0.3,1102,False
Straddle Carrier,640,640,640,640,0.0995,1.0,0.3,13761,False
Mobile Crane,640,640,640,640,0.025940549037567623,1.0,0.3,6187,False
Dump Truck,640,640,640,640,0.12030003448295348,1.0,0.3,584,False
Haul Truck,640,640,640,640,0.0,1.0,0.3,2102,False
Scraper/Tractor,640,640,640,640,0.0,1.0,0.3,659,False
Front loader/Bulldozer,640,640,640,640,0.18324431165537164,1.0,0.3,546,False
Excavator,640,640,640,640,0.34112401274497156,1.0,0.3,759,False
Cement Mixer,640,640,640,640,0.10644082557078505,1.0,0.3,545,False
Ground Grader,640,640,640,640,0.02684632403910716,1.0,0.3,616,False
Hut/Tent,640,640,640,640,0.004555661010408707,1.0,0.3,1155,False
Shipping Container,640,640,640,640,0.046211989787805094,1.0,0.3,716,False
Fixed-wing Aircraft,640,640,320,320,0.3323033860210751,0.5,0.6,881,True
Small Aircraft,640,640,544,544,0.32457895831427286,0.8500000000000001,0.3529411764705882,1147,True
Cargo Plane,640,640,128,128,0.5208628199504282,0.2,1.4999999999999998,585,True
Helicopter,640,640,320,320,0.09336956521739127,0.5,0.6,484,True
Passenger Vehicle,640,640,384,384,0.09028369512285794,0.6000000000000001,0.4999999999999999,70,True
Small Car,640,640,352,352,0.20943699731547333,0.55,0.5454545454545454,59,True
Bus,640,640,384,384,0.25687379615344474,0.6000000000000001,0.4999999999999999,185,True
Utility Truck,640,640,384,384,0.027299557328020925,0.6000000000000001,0.4999999999999999,106,True
Truck,640,640,384,384,0.14512313206944294,0.6000000000000001,0.4999999999999999,189,True
Cargo Truck,640,640,448,448,0.05943547108104295,0.7000000000000001,0.4285714285714285,255,True
Truck w/Box,640,640,288,288,0.28043909068584927,0.45,0.6666666666666666,258,True
Truck Tractor,640,640,608,608,0.02269088584110554,0.9500000000000001,0.3157894736842105,485,True
Trailer,640,640,448,448,0.08210385010310549,0.7000000000000001,0.4285714285714285,414,True
Truck w/Flatbed,640,640,448,448,0.08708388242771972,0.7000000000000001,0.4285714285714285,495,True
Truck w/Liquid,640,640,352,352,0.035859642096068144,0.55,0.5454545454545454,299,True
Crane Truck,640,640,384,384,0.09823143585290191,0.6000000000000001,0.4999999999999999,386,True
Railway Vehicle,640,640,384,384,0.15155576796670983,0.6000000000000001,0.4999999999999999,639,True
Passenger Car,640,640,224,224,0.3637929118287575,0.35000000000000003,0.857142857142857,209,True
Cargo Car,640,640,224,224,0.3515976994403896,0.35000000000000003,0.857142857142857,133,True
Flat Car,640,640,576,576,0.083576919823556,0.9,0.3333333333333333,1135,True
Tank car,640,640,384,384,0.15155576796670983,0.6000000000000001,0.4999999999999999,339,True
Locomotive,640,640,448,448,0.12304500740438529,0.7000000000000001,0.4285714285714285,889,True
Maritime Vessel,640,640,192,192,0.12072407033717969,0.30000000000000004,0.9999999999999998,1117,True
Motorboat,640,640,352,352,0.0995702442579184,0.55,0.5454545454545454,160,True
Sailboat,640,640,320,320,0.1678215824088579,0.5,0.6,205,True
Tugboat,640,640,352,352,0.26809690132266095,0.55,0.5454545454545454,1379,True
Barge,640,640,192,192,0.1362195307017544,0.30000000000000004,0.9999999999999998,1305,True
Fishing Vessel,640,640,544,544,0.054452376208960776,0.8500000000000001,0.3529411764705882,1930,True
Ferry,640,640,384,384,0.343653469895796,0.6000000000000001,0.4999999999999999,3714,True
Yacht,640,640,384,384,0.341328737264243,0.6000000000000001,0.4999999999999999,1154,True
Container Ship,640,640,384,384,0.13095332695331094,0.6000000000000001,0.4999999999999999,16910,True
Oil Tanker,640,640,160,160,0.06633333333333333,0.25,1.2,2644,True
Engineering Vehicle,640,640,480,480,0.032451790101339514,0.75,0.39999999999999997,998,True
Tower crane,640,640,448,448,0.07914398684622612,0.7000000000000001,0.4285714285714285,7380,True
Container Crane,640,640,288,288,0.0173749424001924,0.45,0.6666666666666666,4454,True
Reach Stacker,640,640,384,384,0.12343863636363635,0.6000000000000001,0.4999999999999999,397,True
Straddle Carrier,640,640,192,192,0.398,0.30000000000000004,0.9999999999999998,1239,True
Mobile Crane,640,640,608,608,0.04958772676353027,0.9500000000000001,0.3157894736842105,5584,True
Dump Truck,640,640,384,384,0.13006459054066344,0.6000000000000001,0.4999999999999999,211,True
Front loader/Bulldozer,640,640,480,480,0.23199994876608968,0.75,0.39999999999999997,308,True
Excavator,640,640,352,352,0.2942866329681444,0.55,0.5454545454545454,230,True
Cement Mixer,640,640,384,384,0.07351074426107226,0.6000000000000001,0.4999999999999999,197,True
Ground Grader,640,640,608,608,0.015287530783842531,0.9500000000000001,0.3157894736842105,556,True
Shipping Container,640,640,288,288,0.05738867302832734,0.45,0.6666666666666666,145,True
